race_id,circuit_name,race_name,unfiltered_race_date,race_date
1,Yas Marina Circuit,FORMULA 1 ETIHAD AIRWAYS ABU DHABI GRAND PRIX  , 26 Nov 2023,2023-11-26
2,Las Vegas Strip Circuit,FORMULA 1 HEINEKEN SILVER LAS VEGAS GRAND PRIX , 18 Nov 2023,2023-11-18
3,Autódromo José Carlos Pace,FORMULA 1 ROLEX GRANDE PRÃŠMIO DE PAULO , 05 Nov 2023,2023-11-05
4,Autódromo Hermanos Rodríguez,FORMULA 1 GRAN PREMIO DE LA CIUDAD DE MÃ‰XICO , 29 Oct 2023,2023-10-29
5,Circuit of The Americas,FORMULA 1 LENOVO UNITED STATES GRAND PRIX , 22 Oct 2023,2023-10-22
6,Lusail International Circuit,FORMULA 1 QATAR AIRWAYS QATAR GRAND PRIX , 08 Oct 2023,2023-10-08
7,Suzuka Circuit,FORMULA 1 LENOVO JAPANESE GRAND PRIX  , 24 Sep 2023,2023-09-24
8,Marina Bay Street Circuit,FORMULA 1 SINGAPORE GRAND PRIX  , 17 Sep 2023,2023-09-17
9,Autodromo Nazionale Monza,FORMULA 1 PIRELLI GRAN ITALIA  , 03 Sep 2023,2023-09-03
10,Circuit Zandvoort,FORMULA 1 HEINEKEN DUTCH GRAND PRIX , 27 Aug 2023,2023-08-27
11,Circuit de Spa-Francorchamps,FORMULA 1 MSC CRUISES BELGIAN GRAND PRIX , 30 Jul 2023,2023-07-30
12,Hungaroring,FORMULA 1 QATAR AIRWAYS HUNGARIAN GRAND PRIX , 23 Jul 2023,2023-07-23
13,Silverstone Circuit,FORMULA 1 ARAMCO BRITISH GRAND PRIX , 09 Jul 2023,2023-07-09
14,Red Bull Ring,FORMULA 1 ROLEX GROSSER PREIS VON , 02 Jul 2023,2023-07-02
15,Circuit Gilles-Villeneuve,FORMULA 1 PIRELLI GRAND PRIX DU CANADA , 18 Jun 2023,2023-06-18
16,Circuit de Barcelona-Catalunya,FORMULA 1 AWS GRAN PREMIO DE, 04 Jun 2023,2023-06-04
17,Circuit de Monaco,FORMULA 1 GRAND PRIX DE MONACO , 28 May 2023,2023-05-28
18,Autodromo Internazionale Enzo e Dino Ferrari,FORMULA 1 QATAR AIRWAYS GRAN DELL'EMILIA, 21 May 2023,2023-05-21
19,Miami International Autodrome,FORMULA 1 CRYPTO.COM MIAMI GRAND PRIX , 07 May 2023,2023-05-07
20,Baku City Circuit,FORMULA 1 AZERBAIJAN GRAND PRIX , 30 Apr 2023,2023-04-30
21,Albert Park Grand Prix Circuit,FORMULA 1 ROLEX AUSTRALIAN GRAND PRIX , 02 Apr 2023,2023-04-02
22,Jeddah Corniche Circuit,FORMULA 1 STC SAUDI ARABIAN GRAND PRIX , 19 Mar 2023,2023-03-19
23,Bahrain International Circuit,FORMULA 1 GULF AIR BAHRAIN GRAND PRIX , 05 Mar 2023,2023-03-05
24,Yas Marina Circuit,FORMULA 1 ETIHAD AIRWAYS ABU DHABI GRAND PRIX , 20 Nov 2022,2022-11-20
25,Autódromo José Carlos Pace,FORMULA 1 HEINEKEN GRANDE PRÃŠMIO DE PAULO , 13 Nov 2022,2022-11-13
26,Autódromo Hermanos Rodríguez,FORMULA 1 HEINEKEN GRAN MÃ‰XICO , 30 Oct 2022,2022-10-30
27,Circuit of The Americas,FORMULA 1 ARAMCO UNITED STATES GRAND PRIX , 23 Oct 2022,2022-10-23
28,Suzuka Circuit,FORMULA 1 HONDA JAPANESE GRAND PRIX , 09 Oct 2022,2022-10-09
29,Marina Bay Street Circuit,FORMULA 1 SINGAPORE AIRLINES SINGAPORE GRAND PRIX , 02 Oct 2022,2022-10-02
30,Autodromo Nazionale Monza,FORMULA 1 PIRELLI GRAN PREMIO Dâ€™ITALIA , 11 Sep 2022,2022-09-11
31,Circuit Zandvoort,FORMULA 1 HEINEKEN DUTCH GRAND PRIX , 04 Sep 2022,2022-09-04
32,Circuit de Spa-Francorchamps,FORMULA 1 ROLEX BELGIAN GRAND PRIX , 28 Aug 2022,2022-08-28
33,Hungaroring,FORMULA 1 ARAMCO MAGYAR NAGYDÃJ , 31 Jul 2022,2022-07-31
34,Circuit Paul Ricard,FORMULA 1 LENOVO GRAND PRIX DE FRANCE , 24 Jul 2022,2022-07-24
35,Red Bull Ring,FORMULA 1 ROLEX GROSSER PREIS VON , 10 Jul 2022,2022-07-10
36,Silverstone Circuit,FORMULA 1 LENOVO BRITISH GRAND PRIX , 03 Jul 2022,2022-07-03
37,Circuit Gilles-Villeneuve,FORMULA 1 AWS GRAND PRIX DU CANADA , 19 Jun 2022,2022-06-19
38,Baku City Circuit,FORMULA 1 AZERBAIJAN GRAND PRIX , 12 Jun 2022,2022-06-12
39,Circuit de Monaco,FORMULA 1 GRAND PRIX DE MONACO , 29 May 2022,2022-05-29
40,Circuit de Barcelona-Catalunya,FORMULA 1 PIRELLI GRAN PREMIO DE, 22 May 2022,2022-05-22
41,Miami International Autodrome,FORMULA 1 CRYPTO.COM MIAMI GRAND PRIX , 08 May 2022,2022-05-08
42,Autodromo Internazionale Enzo e Dino Ferrari,FORMULA 1 ROLEX GRAN PREMIO DELL'EMILIA, 24 Apr 2022,2022-04-24
43,Albert Park Grand Prix Circuit,FORMULA 1 HEINEKEN AUSTRALIAN GRAND PRIX , 10 Apr 2022,2022-04-10
44,Jeddah Corniche Circuit,FORMULA 1 STC SAUDI ARABIAN GRAND PRIX , 27 Mar 2022,2022-03-27
45,Bahrain International Circuit,FORMULA 1 GULF AIR BAHRAIN GRAND PRIX , 20 Mar 2022,2022-03-20
46,Yas Marina Circuit,FORMULA 1 ETIHAD AIRWAYS ABU DHABI GRAND PRIX , 12 Dec 2021,2021-12-12
47,Jeddah Corniche Circuit,FORMULA 1 STC SAUDI ARABIAN GRAND PRIX , 05 Dec 2021,2021-12-05
48,Lusail International Circuit,FORMULA 1 OOREDOO QATAR GRAND PRIX , 21 Nov 2021,2021-11-21
49,Autódromo José Carlos Pace,FORMULA 1 HEINEKEN GRANDE PRÃŠMIO DE PAULO , 14 Nov 2021,2021-11-14
50,Autódromo Hermanos Rodríguez,FORMULA 1 GRAN PREMIO DE LA CIUDAD DE MÃ‰XICO , 07 Nov 2021,2021-11-07
51,Circuit of The Americas,FORMULA 1 ARAMCO UNITED STATES GRAND PRIX , 24 Oct 2021,2021-10-24
52,Intercity Istanbul Park,FORMULA 1 ROLEX TURKISH GRAND PRIX , 10 Oct 2021,2021-10-10
53,Sochi Autodrom,FORMULA 1 VTB RUSSIAN GRAND PRIX , 26 Sep 2021,2021-09-26
54,Autodromo Nazionale Monza,FORMULA 1 HEINEKEN GRAN PREMIO Dâ€™ITALIA , 12 Sep 2021,2021-09-12
55,Circuit Zandvoort,FORMULA 1 HEINEKEN DUTCH GRAND PRIX , 05 Sep 2021,2021-09-05
56,Circuit de Spa-Francorchamps,FORMULA 1 ROLEX BELGIAN GRAND PRIX , 29 Aug 2021,2021-08-29
57,Hungaroring,FORMULA 1 ROLEX MAGYAR NAGYDÃJ , 01 Aug 2021,2021-08-01
58,Silverstone Circuit,FORMULA 1 PIRELLI BRITISH GRAND PRIX , 18 Jul 2021,2021-07-18
59,Red Bull Ring,FORMULA 1 BWT GROSSER PREIS VON , 04 Jul 2021,2021-07-04
60,Red Bull Ring,FORMULA 1 BWT GROSSER PREIS DER STEIERMARK , 27 Jun 2021,2021-06-27
61,Circuit Paul Ricard,FORMULA 1 EMIRATES GRAND PRIX DE FRANCE , 20 Jun 2021,2021-06-20
62,Baku City Circuit,FORMULA 1 AZERBAIJAN GRAND PRIX , 06 Jun 2021,2021-06-06
63,Circuit de Monaco,FORMULA 1 GRAND PRIX DE MONACO , 23 May 2021,2021-05-23
64,Circuit de Barcelona-Catalunya,FORMULA 1 ARAMCO GRAN PREMIO DE, 09 May 2021,2021-05-09
65,Autódromo Internacional do Algarve,FORMULA 1 HEINEKEN GRANDE PRÃ‰MIO DE PORTUGAL , 02 May 2021,2021-05-02
66,Autodromo Internazionale Enzo e Dino Ferrari,FORMULA 1 PIRELLI GRAN PREMIO ROMAGNA , 18 Apr 2021,2021-04-18
67,Bahrain International Circuit,FORMULA 1 GULF AIR BAHRAIN GRAND PRIX , 28 Mar 2021,2021-03-28
68,Yas Marina Circuit,FORMULA 1 ETIHAD AIRWAYS ABU DHABI GRAND PRIX , 13 Dec 2020,2020-12-13
69,Bahrain International Circuit – Outer Track,FORMULA 1 ROLEX SAKHIR GRAND PRIX , 06 Dec 2020,2020-12-06
70,Bahrain International Circuit,FORMULA 1 GULF AIR BAHRAIN GRAND PRIX , 29 Nov 2020,2020-11-29
71,Intercity Istanbul Park,FORMULA 1 DHL TURKISH GRAND PRIX , 15 Nov 2020,2020-11-15
72,Autodromo Internazionale Enzo e Dino Ferrari,FORMULA 1 EMIRATES GRAN PREMIO ROMAGNA , 01 Nov 2020,2020-11-01
73,Autódromo Internacional do Algarve,FORMULA 1 HEINEKEN GRANDE PRÃ‰MIO DE PORTUGAL , 25 Oct 2020,2020-10-25
74,Nürburgring,FORMULA 1 ARAMCO GROSSER PREIS DER EIFEL , 11 Oct 2020,2020-10-11
75,Sochi Autodrom,FORMULA 1 VTB RUSSIAN GRAND PRIX , 27 Sep 2020,2020-09-27
76,Mugello,FORMULA 1 PIRELLI GRAN FERRARI 1000 , 13 Sep 2020,2020-09-13
77,Autodromo Nazionale Monza,FORMULA 1 GRAN PREMIO HEINEKEN Dâ€™ITALIA , 06 Sep 2020,2020-09-06
78,Circuit de Spa-Francorchamps,FORMULA 1 ROLEX BELGIAN GRAND PRIX , 30 Aug 2020,2020-08-30
79,Circuit de Barcelona-Catalunya,FORMULA 1 ARAMCO GRAN PREMIO DE, 16 Aug 2020,2020-08-16
80,Silverstone Circuit,EMIRATES FORMULA 1 70TH ANNIVERSARY GRAND PRIX , 09 Aug 2020,2020-08-09
81,Silverstone Circuit,FORMULA 1 PIRELLI BRITISH GRAND PRIX , 02 Aug 2020,2020-08-02
82,Hungaroring,FORMULA 1 ARAMCO MAGYAR NAGYDÃJ , 19 Jul 2020,2020-07-19
83,Red Bull Ring,FORMULA 1 PIRELLI GROSSER PREIS DER STEIERMARK , 12 Jul 2020,2020-07-12
84,Red Bull Ring,FORMULA 1 ROLEX GROSSER PREIS VON , 05 Jul 2020,2020-07-05
85,Yas Marina Circuit,FORMULA 1 ETIHAD AIRWAYS ABU DHABI GRAND PRIX , 01 Dec 2019,2019-12-01
86,Autódromo José Carlos Pace,FORMULA 1 HEINEKEN GRANDE PRÃŠMIO DO BRASIL , 17 Nov 2019,2019-11-17
87,Circuit of The Americas,FORMULA 1 EMIRATES UNITED STATES GRAND PRIX , 03 Nov 2019,2019-11-03
88,Autódromo Hermanos Rodríguez,FORMULA 1 GRAN PREMIO DE MÃ‰XICO , 27 Oct 2019,2019-10-27
89,Suzuka Circuit,FORMULA 1 JAPANESE GRAND PRIX , 13 Oct 2019,2019-10-13
90,Sochi Autodrom,FORMULA 1 VTB RUSSIAN GRAND PRIX , 29 Sep 2019,2019-09-29
91,Marina Bay Street Circuit,FORMULA 1 SINGAPORE AIRLINES SINGAPORE GRAND PRIX , 22 Sep 2019,2019-09-22
92,Autodromo Nazionale Monza,FORMULA 1 GRAN PREMIO HEINEKEN D'ITALIA , 08 Sep 2019,2019-09-08
93,Circuit de Spa-Francorchamps,FORMULA 1 JOHNNIE WALKER BELGIAN GRAND PRIX , 01 Sep 2019,2019-09-01
94,Hungaroring,FORMULA 1 ROLEX MAGYAR NAGYDÃJ , 04 Aug 2019,2019-08-04
95,Hockenheimring,FORMULA 1 MERCEDES, 28 Jul 2019,2019-07-28
96,Silverstone Circuit,FORMULA 1 ROLEX BRITISH GRAND PRIX , 14 Jul 2019,2019-07-14
97,Red Bull Ring,FORMULA 1 MYWORLD GROSSER PREIS VON , 30 Jun 2019,2019-06-30
98,Circuit Paul Ricard,FORMULA 1 PIRELLI GRAND PRIX DE FRANCE , 23 Jun 2019,2019-06-23
99,Circuit Gilles-Villeneuve,FORMULA 1 PIRELLI GRAND PRIX DU CANADA , 09 Jun 2019,2019-06-09
100,Circuit de Monaco,FORMULA 1 GRAND PRIX DE MONACO , 26 May 2019,2019-05-26
101,Circuit de Barcelona-Catalunya,FORMULA 1 EMIRATES GRAN PREMIO DE, 12 May 2019,2019-05-12
102,Baku City Circuit,FORMULA 1 SOCAR AZERBAIJAN GRAND PRIX , 28 Apr 2019,2019-04-28
103,Shanghai International Circuit,FORMULA 1 HEINEKEN CHINESE GRAND PRIX , 14 Apr 2019,2019-04-14
104,Bahrain International Circuit,FORMULA 1 GULF AIR BAHRAIN GRAND PRIX , 31 Mar 2019,2019-03-31
105,Albert Park Grand Prix Circuit,FORMULA 1 ROLEX AUSTRALIAN GRAND PRIX , 17 Mar 2019,2019-03-17
106,Yas Marina Circuit,FORMULA 1 ETIHAD AIRWAYS ABU DHABI GRAND PRIX , 25 Nov 2018,2018-11-25
107,Autódromo José Carlos Pace,FORMULA 1 GRANDE PRÃŠMIO HEINEKEN DO BRASIL , 11 Nov 2018,2018-11-11
108,Autódromo Hermanos Rodríguez,FORMULA 1 GRAN PREMIO DE MÃ‰XICO , 28 Oct 2018,2018-10-28
109,Circuit of The Americas,FORMULA 1 PIRELLI UNITED STATES GRAND PRIX , 21 Oct 2018,2018-10-21
110,Suzuka Circuit,FORMULA 1 HONDA JAPANESE GRAND PRIX , 07 Oct 2018,2018-10-07
111,Sochi Autodrom,FORMULA 1 VTB RUSSIAN GRAND PRIX , 30 Sep 2018,2018-09-30
112,Marina Bay Street Circuit,FORMULA 1 SINGAPORE AIRLINES SINGAPORE GRAND PRIX , 16 Sep 2018,2018-09-16
113,Autodromo Nazionale Monza,FORMULA 1 GRAN PREMIO HEINEKEN D'ITALIA , 02 Sep 2018,2018-09-02
114,Circuit de Spa-Francorchamps,FORMULA 1 JOHNNIE WALKER BELGIAN GRAND PRIX , 26 Aug 2018,2018-08-26
115,Hungaroring,FORMULA 1 ROLEX MAGYAR NAGYDÃJ , 29 Jul 2018,2018-07-29
116,Hockenheimring,FORMULA 1 EMIRATES GROSSER PREIS VON DEUTSCHLAND , 22 Jul 2018,2018-07-22
117,Silverstone Circuit,FORMULA 1 ROLEX BRITISH GRAND PRIX , 08 Jul 2018,2018-07-08
118,Red Bull Ring,FORMULA 1 EYETIME GROSSER PREIS VON STERREICH , 01 Jul 2018,2018-07-01
119,Circuit Paul Ricard,FORMULA 1 PIRELLI GRAND PRIX DE FRANCE , 24 Jun 2018,2018-06-24
120,Circuit Gilles-Villeneuve,FORMULA 1 GRAND PRIX HEINEKEN DU CANADA , 10 Jun 2018,2018-06-10
121,Circuit de Monaco,FORMULA 1 GRAND PRIX DE MONACO , 27 May 2018,2018-05-27
122,Circuit de Barcelona-Catalunya,FORMULA 1 GRAN PREMIO DEEMIRATES , 13 May 2018,2018-05-13
123,Baku City Circuit,FORMULA 1 AZERBAIJAN GRAND PRIX , 29 Apr 2018,2018-04-29
124,Shanghai International Circuit,FORMULA 1 HEINEKEN CHINESE GRAND PRIX , 15 Apr 2018,2018-04-15
125,Bahrain International Circuit,FORMULA 1 GULF AIR BAHRAIN GRAND PRIX , 08 Apr 2018,2018-04-08
126,Albert Park Grand Prix Circuit,FORMULA 1 ROLEX AUSTRALIAN GRAND PRIX , 25 Mar 2018,2018-03-25
127,Yas Marina Circuit,FORMULA 1 ETIHAD AIRWAYS ABU DHABI GRAND PRIX , 26 Nov 2017,2017-11-26
128,Autódromo José Carlos Pace,FORMULA 1 GRANDE PRÃŠMIO HEINEKEN DO BRASIL , 12 Nov 2017,2017-11-12
129,Autódromo Hermanos Rodríguez,FORMULA 1 GRAN PREMIO DE MÃ‰XICO , 29 Oct 2017,2017-10-29
130,Circuit of The Americas,FORMULA 1 UNITED STATES GRAND PRIX , 22 Oct 2017,2017-10-22
131,Suzuka Circuit,FORMULA 1 JAPANESE GRAND PRIX , 08 Oct 2017,2017-10-08
132,Sepang International Circuit,FORMULA 1 PETRONAS MALAYSIA GRAND PRIX , 01 Oct 2017,2017-10-01
133,Marina Bay Street Circuit,FORMULA 1 SINGAPORE AIRLINES SINGAPORE GRAND PRIX , 17 Sep 2017,2017-09-17
134,Autodromo Nazionale Monza,FORMULA 1 GRAN PREMIO HEINEKEN D'ITALIA , 03 Sep 2017,2017-09-03
135,Circuit de Spa-Francorchamps,FORMULA 1 PIRELLI BELGIAN GRAND PRIX , 27 Aug 2017,2017-08-27
136,Hungaroring,FORMULA 1 PIRELLI MAGYAR NAGYDÃJ , 30 Jul 2017,2017-07-30
137,Silverstone Circuit,FORMULA 1 ROLEX BRITISH GRAND PRIX , 16 Jul 2017,2017-07-16
138,Red Bull Ring,FORMULA 1 GROSSER PREIS VON , 09 Jul 2017,2017-07-09
139,Baku City Circuit,FORMULA 1 AZERBAIJAN GRAND PRIX , 25 Jun 2017,2017-06-25
140,Circuit Gilles-Villeneuve,FORMULA 1 GRAND PRIX DU CANADA , 11 Jun 2017,2017-06-11
141,Circuit de Monaco,FORMULA 1 GRAND PRIX DE MONACO , 28 May 2017,2017-05-28
142,Circuit de Barcelona-Catalunya,FORMULA 1 GRAN PREMIO DE PIRELLI , 14 May 2017,2017-05-14
143,Sochi Autodrom,FORMULA 1 VTB RUSSIAN GRAND PRIX , 30 Apr 2017,2017-04-30
144,Bahrain International Circuit,FORMULA 1 GULF AIR BAHRAIN GRAND PRIX , 16 Apr 2017,2017-04-16
145,Shanghai International Circuit,FORMULA 1 HEINEKEN CHINESE GRAND PRIX , 09 Apr 2017,2017-04-09
146,Albert Park Grand Prix Circuit,FORMULA 1 ROLEX AUSTRALIAN GRAND PRIX , 26 Mar 2017,2017-03-26
147,Yas Marina Circuit,FORMULA 1 ETIHAD AIRWAYS ABU DHABI GRAND PRIX , 27 Nov 2016,2016-11-27
148,Autódromo José Carlos Pace,FORMULA 1 GRANDE PRÃŠMIO DO BRASIL , 13 Nov 2016,2016-11-13
149,Autódromo Hermanos Rodríguez,FORMULA 1 GRAN PREMIO DE MÃ‰XICO , 30 Oct 2016,2016-10-30
150,Circuit of The Americas,FORMULA 1 UNITED STATES GRAND PRIX , 23 Oct 2016,2016-10-23
151,Suzuka Circuit,FORMULA 1 EMIRATES JAPANESE GRAND PRIX , 09 Oct 2016,2016-10-09
152,Sepang International Circuit,FORMULA 1 PETRONAS MALAYSIA GRAND PRIX , 02 Oct 2016,2016-10-02
153,Marina Bay Street Circuit,FORMULA 1 SINGAPORE AIRLINES SINGAPORE GRAND PRIX , 18 Sep 2016,2016-09-18
154,Autodromo Nazionale Monza,FORMULA 1 GRAN PREMIO HEINEKEN D'ITALIA , 04 Sep 2016,2016-09-04
155,Circuit de Spa-Francorchamps,FORMULA 1 BELGIAN GRAND PRIX , 28 Aug 2016,2016-08-28
156,Hockenheimring,FORMULA 1 GROSSER PREIS VON DEUTSCHLAND , 31 Jul 2016,2016-07-31
157,Hungaroring,FORMULA 1 MAGYAR NAGYDÃJ , 24 Jul 2016,2016-07-24
158,Silverstone Circuit,FORMULA 1 BRITISH GRAND PRIX , 10 Jul 2016,2016-07-10
159,Red Bull Ring,FORMULA 1 GROSSER PREIS VON , 03 Jul 2016,2016-07-03
160,Baku City Circuit,FORMULA 1 GRAND PRIX OF EUROPE , 19 Jun 2016,2016-06-19
161,Circuit Gilles-Villeneuve,FORMULA 1 GRAND PRIX DU CANADA , 12 Jun 2016,2016-06-12
162,Circuit de Monaco,FORMULA 1 GRAND PRIX DE MONACO , 29 May 2016,2016-05-29
163,Circuit de Barcelona-Catalunya,FORMULA 1 GRAN PREMIO DE PIRELLI , 15 May 2016,2016-05-15
164,Sochi Autodrom,FORMULA 1 RUSSIAN GRAND PRIX , 01 May 2016,2016-05-01
165,Shanghai International Circuit,FORMULA 1 PIRELLI CHINESE GRAND PRIX , 17 Apr 2016,2016-04-17
166,Bahrain International Circuit,FORMULA 1 GULF AIR BAHRAIN GRAND PRIX , 03 Apr 2016,2016-04-03
167,Albert Park Grand Prix Circuit,FORMULA 1 ROLEX AUSTRALIAN GRAND PRIX , 20 Mar 2016,2016-03-20
168,Yas Marina Circuit,FORMULA 1 ETIHAD AIRWAYS ABU DHABI GRAND PRIX , 29 Nov 2015,2015-11-29
169,Autódromo José Carlos Pace,FORMULA 1 GRANDE PRÃŠMIO PETROBRAS DO BRASIL , 15 Nov 2015,2015-11-15
170,Autódromo Hermanos Rodríguez,FORMULA 1 GRAN PREMIO DE MÃ‰XICO , 01 Nov 2015,2015-11-01
171,Circuit of The Americas,FORMULA 1 UNITED STATES GRAND PRIX , 25 Oct 2015,2015-10-25
172,Sochi Autodrom,FORMULA 1 RUSSIAN GRAND PRIX , 11 Oct 2015,2015-10-11
173,Suzuka Circuit,FORMULA 1 JAPANESE GRAND PRIX , 27 Sep 2015,2015-09-27
174,Marina Bay Street Circuit,FORMULA 1 SINGAPORE AIRLINES SINGAPORE GRAND PRIX , 20 Sep 2015,2015-09-20
175,Autodromo Nazionale Monza,FORMULA 1 GRAN PREMIO D'ITALIA , 06 Sep 2015,2015-09-06
176,Circuit de Spa-Francorchamps,FORMULA 1 SHELL BELGIAN GRAND PRIX , 23 Aug 2015,2015-08-23
177,Hungaroring,FORMULA 1 PIRELLI MAGYAR NAGYDÃJ , 26 Jul 2015,2015-07-26
178,Silverstone Circuit,FORMULA 1 BRITISH GRAND PRIX , 05 Jul 2015,2015-07-05
179,Red Bull Ring,FORMULA 1 GROSSER PREIS VON , 21 Jun 2015,2015-06-21
180,Circuit Gilles-Villeneuve,FORMULA 1 GRAND PRIX DU CANADA , 07 Jun 2015,2015-06-07
181,Circuit de Monaco,FORMULA 1 GRAND PRIX DE MONACO , 24 May 2015,2015-05-24
182,Circuit de Barcelona-Catalunya,FORMULA 1 GRAN PREMIO DE PIRELLI , 10 May 2015,2015-05-10
183,Bahrain International Circuit,FORMULA 1 GULF AIR BAHRAIN GRAND PRIX , 19 Apr 2015,2015-04-19
184,Shanghai International Circuit,FORMULA 1 CHINESE GRAND PRIX , 12 Apr 2015,2015-04-12
185,Sepang International Circuit,FORMULA 1 PETRONAS MALAYSIA GRAND PRIX , 29 Mar 2015,2015-03-29
186,Albert Park Grand Prix Circuit,FORMULA 1 ROLEX AUSTRALIAN GRAND PRIX , 15 Mar 2015,2015-03-15
187,Yas Marina Circuit,FORMULA 1 ETIHAD AIRWAYS ABU DHABI GRAND PRIX , 23 Nov 2014,2014-11-23
188,Autódromo José Carlos Pace,FORMULA 1 GRANDE PRÃŠMIO PETROBRAS DO BRASIL , 09 Nov 2014,2014-11-09
189,Circuit of The Americas,FORMULA 1 UNITED STATES GRAND PRIX , 02 Nov 2014,2014-11-02
190,Sochi Autodrom,FORMULA 1 RUSSIAN GRAND PRIX , 21 Oct 2014,2014-10-21
191,Suzuka Circuit,FORMULA 1 JAPANESE GRAND PRIX , 05 Oct 2014,2014-10-05
192,Marina Bay Street Circuit,FORMULA 1 SINGAPORE AIRLINES SINGAPORE GRAND PRIX , 21 Sep 2014,2014-09-21
193,Autodromo Nazionale Monza,FORMULA 1 GRAN PREMIO D'ITALIA , 07 Sep 2014,2014-09-07
194,Circuit de Spa-Francorchamps,FORMULA 1 SHELL BELGIAN GRAND PRIX , 24 Aug 2014,2014-08-24
195,Hungaroring,FORMULA 1 PIRELLI MAGYAR NAGYDÃJ , 27 Jul 2014,2014-07-27
196,Hockenheimring,FORMULA 1 GROSSER PREIS SANTANDER VON DEUTSCHLAND , 20 Jul 2014,2014-07-20
197,Silverstone Circuit,FORMULA 1 SANTANDER BRITISH GRAND PRIX , 06 Jul 2014,2014-07-06
198,Red Bull Ring,FORMULA 1 GROSSER PREIS VON , 22 Jun 2014,2014-06-22
199,Circuit Gilles-Villeneuve,FORMULA 1 GRAND PRIX DU CANADA , 08 Jun 2014,2014-06-08
200,Circuit de Monaco,FORMULA 1 GRAND PRIX DE MONACO , 25 May 2014,2014-05-25
201,Circuit de Barcelona-Catalunya,FORMULA 1 GRAN PREMIO DE PIRELLI , 11 May 2014,2014-05-11
202,Shanghai International Circuit,FORMULA 1 UBS CHINESE GRAND PRIX , 20 Apr 2014,2014-04-20
203,Bahrain International Circuit,FORMULA 1 GULF AIR BAHRAIN GRAND PRIX , 06 Apr 2014,2014-04-06
204,Sepang International Circuit,FORMULA 1 PETRONAS MALAYSIA GRAND PRIX , 30 Mar 2014,2014-03-30
205,Albert Park Grand Prix Circuit,FORMULA 1 ROLEX AUSTRALIAN GRAND PRIX , 16 Mar 2014,2014-03-16
206,Autódromo José Carlos Pace,FORMULA 1 GRANDE PRÃŠMIO DO BRASIL , 24 Nov 2013,2013-11-24
207,Circuit of The Americas,FORMULA 1 UNITED STATES GRAND PRIX , 17 Nov 2013,2013-11-17
208,Yas Marina Circuit,FORMULA 1 ETIHAD AIRWAYS ABU DHABI GRAND PRIX , 03 Nov 2013,2013-11-03
209,Buddh International Circuit,FORMULA 1 AIRTEL INDIAN GRAND PRIX , 27 Oct 2013,2013-10-27
210,Suzuka Circuit,FORMULA 1 JAPANESE GRAND PRIX , 13 Oct 2013,2013-10-13
211,Korean International Circuit,FORMULA 1 KOREAN GRAND PRIX , 06 Oct 2013,2013-10-06
212,Marina Bay Street Circuit,FORMULA 1 SINGAPORE GRAND PRIX , 22 Sep 2013,2013-09-22
213,Autodromo Nazionale Monza,FORMULA 1 GRAN PREMIO D'ITALIA , 08 Sep 2013,2013-09-08
214,Circuit de Spa-Francorchamps,FORMULA 1 SHELL BELGIAN GRAND PRIX , 25 Aug 2013,2013-08-25
215,Hungaroring,FORMULA 1 MAGYAR NAGYDÃJ , 28 Jul 2013,2013-07-28
216,Nürburgring,FORMULA 1 GROSSER PREIS VON DEUTSCHLAND , 07 Jul 2013,2013-07-07
217,Silverstone Circuit,FORMULA 1 BRITISH GRAND PRIX , 30 Jun 2013,2013-06-30
218,Circuit Gilles-Villeneuve,FORMULA 1 GRAND PRIX DU CANADA , 09 Jun 2013,2013-06-09
219,Circuit de Monaco,FORMULA 1 GRAND PRIX DE MONACO , 26 May 2013,2013-05-26
220,Circuit de Barcelona-Catalunya,FORMULA 1 GRAN PREMIO DE , 12 May 2013,2013-05-12
221,Bahrain International Circuit,FORMULA 1 GULF AIR BAHRAIN GRAND PRIX , 21 Apr 2013,2013-04-21
222,Shanghai International Circuit,FORMULA 1 UBS CHINESE GRAND PRIX , 14 Apr 2013,2013-04-14
223,Sepang International Circuit,FORMULA 1 PETRONAS MALAYSIA GRAND PRIX , 24 Mar 2013,2013-03-24
224,Albert Park Grand Prix Circuit,FORMULA 1 ROLEX AUSTRALIAN GRAND PRIX , 17 Mar 2013,2013-03-17
225,Autódromo José Carlos Pace,FORMULA 1 GRANDE PRÃŠMIO PETROBRAS DO BRASIL , 25 Nov 2012,2012-11-25
226,Circuit of The Americas,FORMULA 1 UNITED STATES GRAND PRIX , 18 Nov 2012,2012-11-18
227,Yas Marina Circuit,FORMULA 1 ETIHAD AIRWAYS ABU DHABI GRAND PRIX , 04 Nov 2012,2012-11-04
228,Buddh International Circuit,FORMULA 1 AIRTEL INDIAN GRAND PRIX , 28 Oct 2012,2012-10-28
229,Korean International Circuit,FORMULA 1 KOREAN GRAND PRIX , 14 Oct 2012,2012-10-14
230,Suzuka Circuit,FORMULA 1 JAPANESE GRAND PRIX , 07 Oct 2012,2012-10-07
231,Marina Bay Street Circuit,FORMULA 1 SINGTEL SINGAPORE GRAND PRIX , 23 Sep 2012,2012-09-23
232,Autodromo Nazionale Monza,FORMULA 1 GRAN PREMIO SANTANDER Dâ€™ITALIA , 09 Sep 2012,2012-09-09
233,Circuit de Spa-Francorchamps,FORMULA 1 SHELL BELGIAN GRAND PRIX , 02 Sep 2012,2012-09-02
234,Hungaroring,FORMULA 1 ENI MAGYAR NAGYDÃJ , 29 Jul 2012,2012-07-29
235,Hockenheimring,FORMULA 1 GROSSER PREIS SANTANDER VON DEUTSCHLAND , 22 Jul 2012,2012-07-22
236,Silverstone Circuit,FORMULA 1 SANTANDER BRITISH GRAND PRIX , 08 Jul 2012,2012-07-08
237,Valencia Street Circuit,FORMULA 1 GRAND PRIX OF EUROPE , 24 Jun 2012,2012-06-24
238,Circuit Gilles-Villeneuve,FORMULA 1 GRAND PRIX DU CANADA , 10 Jun 2012,2012-06-10
239,Circuit de Monaco,FORMULA 1 GRAND PRIX DE MONACO , 27 May 2012,2012-05-27
240,Circuit de Barcelona-Catalunya,FORMULA 1 GRAN PREMIO DE SANTANDER , 13 May 2012,2012-05-13
241,Bahrain International Circuit,FORMULA 1 GULF AIR BAHRAIN GRAND PRIX , 22 Apr 2012,2012-04-22
242,Shanghai International Circuit,FORMULA 1 UBS CHINESE GRAND PRIX , 15 Apr 2012,2012-04-15
243,Sepang International Circuit,FORMULA 1 PETRONAS MALAYSIA GRAND PRIX , 25 Mar 2012,2012-03-25
244,Albert Park Grand Prix Circuit,FORMULA 1 QANTAS AUSTRALIAN GRAND PRIX , 18 Mar 2012,2012-03-18
245,Autódromo José Carlos Pace,FORMULA 1 GRANDE PRÃŠMIO PETROBRAS DO BRASIL , 27 Nov 2011,2011-11-27
246,Yas Marina Circuit,FORMULA 1 ETIHAD AIRWAYS ABU DHABI GRAND PRIX , 13 Nov 2011,2011-11-13
247,Buddh International Circuit,FORMULA 1 AIRTEL GRAND PRIX OF INDIA , 30 Oct 2011,2011-10-30
248,Korean International Circuit,FORMULA 1 KOREAN GRAND PRIX , 16 Oct 2011,2011-10-16
249,Suzuka Circuit,FORMULA 1 JAPANESE GRAND PRIX , 09 Oct 2011,2011-10-09
250,Marina Bay Street Circuit,FORMULA 1 SINGTEL SINGAPORE GRAND PRIX , 25 Sep 2011,2011-09-25
251,Autodromo Nazionale Monza,FORMULA 1 GRAN PREMIO SANTANDER Dâ€™ITALIA , 11 Sep 2011,2011-09-11
252,Circuit de Spa-Francorchamps,FORMULA 1 SHELL BELGIAN GRAND PRIX , 28 Aug 2011,2011-08-28
253,Hungaroring,FORMULA 1 ENI MAGYAR NAGYDÃJ , 31 Jul 2011,2011-07-31
254,Nürburgring,FORMULA 1 GROSSER PREIS SANTANDER VON DEUTSCHLAND , 24 Jul 2011,2011-07-24
255,Silverstone Circuit,FORMULA 1 SANTANDER BRITISH GRAND PRIX , 10 Jul 2011,2011-07-10
256,Valencia Street Circuit,FORMULA 1 GRAND PRIX OF EUROPE , 26 Jun 2011,2011-06-26
257,Circuit Gilles-Villeneuve,FORMULA 1 GRAND PRIX DU CANADA , 12 Jun 2011,2011-06-12
258,Circuit de Monaco,FORMULA 1 GRAND PRIX DE MONACO , 29 May 2011,2011-05-29
259,Circuit de Barcelona-Catalunya,FORMULA 1 GRAN PREMIO DE SANTANDER , 22 May 2011,2011-05-22
260,Intercity Istanbul Park,FORMULA 1 DHL TURKISH GRAND PRIX , 08 May 2011,2011-05-08
261,Shanghai International Circuit,FORMULA 1 UBS CHINESE GRAND PRIX , 17 Apr 2011,2011-04-17
262,Sepang International Circuit,FORMULA 1 PETRONAS MALAYSIA GRAND PRIX , 10 Apr 2011,2011-04-10
263,Albert Park Grand Prix Circuit,FORMULA 1 QANTAS AUSTRALIAN GRAND PRIX , 27 Mar 2011,2011-03-27
264,Yas Marina Circuit,FORMULA 1 ETIHAD AIRWAYS ABU DHABI GRAND PRIX ,14-11-2010,2010-11-14
265,Autódromo José Carlos Pace,FORMULA 1 GRANDE PRÃŠMIO PETROBRAS DO BRASIL ,07-11-2010,2010-11-07
266,Korean International Circuit,FORMULA 1 KOREAN GRAND PRIX ,24-10-2010,2010-10-24
267,Suzuka Circuit,FORMULA 1 JAPANESE GRAND PRIX ,10-10-2010,2010-10-10
268,Marina Bay Street Circuit,FORMULA 1 SINGTEL SINGAPORE GRAND PRIX ,26-09-2010,2010-09-26
269,Autodromo Nazionale Monza,FORMULA 1 GRAN PREMIO SANTANDER D'ITALIA ,12-09-2010,2010-09-12
270,Circuit de Spa-Francorchamps,FORMULA 1 BELGIAN GRAND PRIX ,29-08-2010,2010-08-29
271,Hungaroring,FORMULA 1 ENI MAGYAR NAGYDÃJ ,01-08-2010,2010-08-01
272,Hockenheimring,FORMULA 1 GROSSER PREIS SANTANDER VON DEUTSCHLAND ,25-07-2010,2010-07-25
273,Silverstone Circuit,FORMULA 1 SANTANDER BRITISH GRAND PRIX ,11-07-2010,2010-07-11
274,Valencia Street Circuit,FORMULA 1 TELEFÃ“NICA GRAND PRIX OF EUROPE ,27-06-2010,2010-06-27
275,Circuit Gilles-Villeneuve,FORMULA 1 GRAND PRIX DU CANADA ,13-06-2010,2010-06-13
276,Intercity Istanbul Park,FORMULA 1 TURKISH GRAND PRIX ,30-05-2010,2010-05-30
277,Circuit de Monaco,FORMULA 1 GRAND PRIX DE MONACO ,16-05-2010,2010-05-16
278,Circuit de Barcelona-Catalunya,FORMULA 1 GRAN PREMIO,09-05-2010,2010-05-09
279,Shanghai International Circuit,FORMULA 1 CHINESE GRAND PRIX ,18-04-2010,2010-04-18
280,Sepang International Circuit,FORMULA 1 PETRONAS MALAYSIAN GRAND PRIX ,04-04-2010,2010-04-04
281,Albert Park Grand Prix Circuit,FORMULA 1 QANTAS AUSTRALIAN GRAND PRIX ,28-03-2010,2010-03-28
282,Bahrain International Circuit,FORMULA 1 GULF AIR BAHRAIN GRAND PRIX ,14-03-2010,2010-03-14
283,Yas Marina Circuit,FORMULA 1 ETIHAD AIRWAYS ABU DHABI GRAND PRIX ,01-11-2009,2009-11-01
284,Autódromo José Carlos Pace,FORMULA 1 GRANDE PRÃŠMIO PETROBRAS DO BRASIL ,18-10-2009,2009-10-18
285,Suzuka Circuit,FORMULA 1 FUJI TELEVISION JAPANESE GRAND PRIX ,04-10-2009,2009-10-04
286,Marina Bay Street Circuit,FORMULA 1 SINGTEL SINGAPORE GRAND PRIX ,27-09-2009,2009-09-27
287,Autodromo Nazionale Monza,FORMULA 1 GRAN PREMIO SANTANDER D'ITALIA ,13-09-2009,2009-09-13
288,Circuit de Spa-Francorchamps,FORMULA 1 ING BELGIAN GRAND PRIX ,30-08-2009,2009-08-30
289,Valencia Street Circuit,FORMULA 1 TELEFÃ“NICA GRAND PRIX OF EUROPE ,23-08-2009,2009-08-23
290,Hungaroring,FORMULA 1 ING MAGYAR NAGYDÃJ ,26-07-2009,2009-07-26
291,Nürburgring,FORMULA 1 GROSSER PREIS SANTANDER VON DEUTSCHLAND ,12-07-2009,2009-07-12
292,Silverstone Circuit,FORMULA 1 SANTANDER BRITISH GRAND PRIX ,21-06-2009,2009-06-21
293,Intercity Istanbul Park,FORMULA 1 ING TURKISH GRAND PRIX ,07-06-2009,2009-06-07
294,Circuit de Monaco,FORMULA 1 GRAND PRIX DE MONACO ,24-05-2009,2009-05-24
295,Circuit de Barcelona-Catalunya,FORMULA 1 GRAN PREMIO,10-05-2009,2009-05-10
296,Bahrain International Circuit,FORMULA 1 GULF AIR BAHRAIN GRAND PRIX ,26-04-2009,2009-04-26
297,Shanghai International Circuit,FORMULA 1 CHINESE GRAND PRIX ,19-04-2009,2009-04-19
298,Sepang International Circuit,FORMULA 1 PETRONAS MALAYSIAN GRAND PRIX ,05-04-2009,2009-04-05
299,Albert Park Grand Prix Circuit,FORMULA 1 ING AUSTRALIAN GRAND PRIX ,29-03-2009,2009-03-29
300,Autódromo José Carlos Pace,FORMULA 1 GRANDE PRÃŠMIO DO BRASIL ,02-11-2008,2008-11-02
301,Shanghai International Circuit,FORMULA 1 SINOPEC CHINESE GRAND PRIX ,19-10-2008,2008-10-19
302,Fuji Speedway,FORMULA 1 FUJI TELEVISION JAPANESE GRAND PRIX ,12-10-2008,2008-10-12
303,Marina Bay Street Circuit,FORMULA 1 SINGTEL SINGAPORE GRAND PRIX ,28-09-2008,2008-09-28
304,Autodromo Nazionale Monza,FORMULA 1 GRAN PREMIO SANTANDER D'ITALIA ,14-09-2008,2008-09-14
305,Circuit de Spa-Francorchamps,FORMULA 1 ING BELGIAN GRAND PRIX ,07-09-2008,2008-09-07
306,Valencia Street Circuit,FORMULA 1 TELEFÃ“NICA GRAND PRIX OF EUROPE ,24-08-2008,2008-08-24
307,Hungaroring,FORMULA 1 ING MAGYAR NAGYDÃJ ,03-08-2008,2008-08-03
308,Hockenheimring,FORMULA 1 GROSSER PREIS SANTANDER VON DEUTSCHLAND ,20-07-2008,2008-07-20
309,Silverstone Circuit,FORMULA 1 SANTANDER BRITISH GRAND PRIX ,06-07-2008,2008-07-06
310,Circuit de Nevers Magny-Cours,FORMULA 1 GRAND PRIX DE FRANCE ,22-06-2008,2008-06-22
311,Circuit Gilles-Villeneuve,FORMULA 1 GRAND PRIX DU CANADA ,08-06-2008,2008-06-08
312,Circuit de Monaco,FORMULA 1 GRAND PRIX DE MONACO ,25-05-2008,2008-05-25
313,Intercity Istanbul Park,FORMULA 1 PETROL OFISI TURKISH GRAND PRIX ,11-05-2008,2008-05-11
314,Circuit de Barcelona-Catalunya,FORMULA 1 GRAN PREMIO,27-04-2008,2008-04-27
315,Bahrain International Circuit,FORMULA 1 GULF AIR BAHRAIN GRAND PRIX ,06-04-2008,2008-04-06
316,Sepang International Circuit,FORMULA 1 PETRONAS MALAYSIAN GRAND PRIX ,23-03-2008,2008-03-23
317,Albert Park Grand Prix Circuit,FORMULA 1 ING AUSTRALIAN GRAND PRIX ,16-03-2008,2008-03-16
318,Autódromo José Carlos Pace,FORMULA 1 GRANDE PRÃŠMIO DO BRASIL ,21-10-2007,2007-10-21
319,Shanghai International Circuit,FORMULA 1 SINOPEC CHINESE GRAND PRIX ,07-10-2007,2007-10-07
320,Fuji Speedway,FORMULA 1 FUJI TELEVISION JAPANESE GRAND PRIX ,30-09-2007,2007-09-30
321,Circuit de Spa-Francorchamps,FORMULA 1 ING BELGIAN GRAND PRIX ,16-09-2007,2007-09-16
322,Autodromo Nazionale Monza,FORMULA 1 GRAN PREMIO D'ITALIA ,09-09-2007,2007-09-09
323,Intercity Istanbul Park,FORMULA 1 PETROL OFISI TURKISH GRAND PRIX ,26-08-2007,2007-08-26
324,Hungaroring,FORMULA 1 MAGYAR NAGYDÃJ ,05-08-2007,2007-08-05
325,Nürburgring,FORMULA 1 GRAND PRIX OF EUROPE ,22-07-2007,2007-07-22
326,Silverstone Circuit,FORMULA 1 SANTANDER BRITISH GRAND PRIX ,08-07-2007,2007-07-08
327,Circuit de Nevers Magny-Cours,FORMULA 1 GRAND PRIX DE FRANCE ,01-07-2007,2007-07-01
328,Indianapolis Motor Speedway,FORMULA 1 UNITED STATES GRAND PRIX ,17-06-2007,2007-06-17
329,Circuit Gilles-Villeneuve,FORMULA 1 GRAND PRIX DU CANADA ,10-06-2007,2007-06-10
330,Circuit de Monaco,FORMULA 1 GRAND PRIX DE MONACO ,27-05-2007,2007-05-27
331,Circuit de Barcelona-Catalunya,FORMULA 1 GRAN PREMIO ,13-05-2007,2007-05-13
332,Bahrain International Circuit,FORMULA 1 GULF AIR BAHRAIN GRAND PRIX ,15-04-2007,2007-04-15
333,Sepang International Circuit,FORMULA 1 PETRONAS MALAYSIAN GRAND PRIX ,08-04-2007,2007-04-08
334,Albert Park Grand Prix Circuit,FORMULA 1 ING AUSTRALIAN GRAND PRIX ,18-03-2007,2007-03-18
335,Autódromo José Carlos Pace,FORMULA 1 GRANDE PRÃŠMIO DO BRASIL ,22-10-2006,2006-10-22
336,Suzuka Circuit,FORMULA 1 FUJI TELEVISION JAPANESE GRAND PRIX ,08-10-2006,2006-10-08
337,Shanghai International Circuit,FORMULA 1 SINOPEC CHINESE GRAND PRIX ,01-10-2006,2006-10-01
338,Autodromo Nazionale Monza,FORMULA 1 GRAN PREMIO VODAFONE D'ITALIA ,10-09-2006,2006-09-10
339,Intercity Istanbul Park,FORMULA 1 PETROL OFISI TURKISH GRAND PRIX ,27-08-2006,2006-08-27
340,Hungaroring,FORMULA 1 MAGYAR NAGYDÃJ ,06-08-2006,2006-08-06
341,Hockenheimring,FORMULA 1 GROSSER MOBIL 1 PREIS VON DEUTSCHLAND ,30-07-2006,2006-07-30
342,Circuit de Nevers Magny-Cours,FORMULA 1 GRAND PRIX DE FRANCE ,16-07-2006,2006-07-16
343,Indianapolis Motor Speedway,FORMULA 1 UNITED STATES GRAND PRIX ,02-07-2006,2006-07-02
344,Circuit Gilles-Villeneuve,FORMULA 1 GRAND PRIX DU CANADA ,25-06-2006,2006-06-25
345,Silverstone Circuit,FORMULA 1 FOSTER'S BRITISH GRAND PRIX ,11-06-2006,2006-06-11
346,Circuit de Monaco,FORMULA 1 GRAND PRIX DE MONACO ,28-05-2006,2006-05-28
347,Circuit de Barcelona-Catalunya,FORMULA 1 GRAN PREMIO ,14-05-2006,2006-05-14
348,Nürburgring,FORMULA 1 GRAND PRIX OF EUROPE ,07-05-2006,2006-05-07
349,Autodromo Internazionale Enzo e Dino Ferrari,FORMULA 1 GRAN PREMIO SAN MARINO ,23-04-2006,2006-04-23
350,Albert Park Grand Prix Circuit,FORMULA 1 FOSTER'S AUSTRALIAN GRAND PRIX ,02-04-2006,2006-04-02
351,Sepang International Circuit,FORMULA 1 PETRONAS MALAYSIAN GRAND PRIX ,19-03-2006,2006-03-19
352,Bahrain International Circuit,FORMULA 1 GULF AIR BAHRAIN GRAND PRIX ,12-03-2006,2006-03-12
353,Shanghai International Circuit,FORMULA 1 SINOPEC CHINESE GRAND PRIX ,16-10-2005,2005-10-16
354,Suzuka Circuit,FORMULA 1 FUJI TELEVISION JAPANESE GRAND PRIX ,09-10-2005,2005-10-09
355,Autódromo José Carlos Pace,FORMULA 1 GRAN PRÃŠMIO DO BRASIL ,25-09-2005,2005-09-25
356,Circuit de Spa-Francorchamps,FORMULA 1 BELGIAN GRAND PRIX ,11-09-2005,2005-09-11
357,Autodromo Nazionale Monza,FORMULA 1 GRAN PREMIO VODAFONE D'ITALIA ,04-09-2005,2005-09-04
358,Intercity Istanbul Park,FORMULA 1 TURKISH GRAND PRIX ,21-08-2005,2005-08-21
359,Hungaroring,FORMULA 1 MARLBORO MAGYAR NAGYDÃJ ,31-07-2005,2005-07-31
360,Hockenheimring,FORMULA 1 GROSSER MOBIL 1 PREIS VON DEUTSCHLAND ,24-07-2005,2005-07-24
361,Silverstone Circuit,FORMULA 1 FOSTER'S BRITISH GRAND PRIX ,10-07-2005,2005-07-10
362,Circuit de Nevers Magny-Cours,FORMULA 1 GRAND PRIX DE FRANCE ,03-07-2005,2005-07-03
363,Indianapolis Motor Speedway,FORMULA 1 UNITED STATES GRAND PRIX ,19-06-2005,2005-06-19
364,Circuit Gilles-Villeneuve,FORMULA 1 GRAND PRIX DU CANADA ,12-06-2005,2005-06-12
365,Nürburgring,FORMULA 1 GRAND PRIX OF EUROPE ,29-05-2005,2005-05-29
366,Circuit de Monaco,FORMULA 1 GRAND PRIX DE MONACO ,22-05-2005,2005-05-22
367,Circuit de Barcelona-Catalunya,FORMULA 1 GRAN PREMIO MARLBORO DE,08-05-2005,2005-05-08
368,Autodromo Internazionale Enzo e Dino Ferrari,FORMULA 1 GRAN PREMIO FOSTER'S DI SAN MARINO ,24-04-2005,2005-04-24
369,Bahrain International Circuit,FORMULA 1 GULF AIR BAHRAIN GRAND PRIX ,03-04-2005,2005-04-03
370,Sepang International Circuit,FORMULA 1 PETRONAS MALAYSIAN GRAND PRIX ,20-03-2005,2005-03-20
371,Albert Park Grand Prix Circuit,FORMULA 1 FOSTER'S AUSTRALIAN GRAND PRIX ,06-03-2005,2005-03-06
